City_ID,City,Country,Lat,Lng,Max Temp,Humidity,Cloudiness,Wind Speed,Current Description
0,Mareeba,AU,-17.0,145.43,89.01,27,43,5.01,scattered clouds
1,Bilibino,RU,68.05,166.44,52.9,52,83,10.22,broken clouds
2,Bethel,US,41.37,-73.41,62.01,87,1,3.91,clear sky
3,Pangnirtung,CA,66.15,-65.71,58.77,53,100,6.71,overcast clouds
4,Hobart,AU,-42.88,147.33,57.2,50,75,12.75,broken clouds
5,Mataura,NZ,-46.19,168.86,55.0,83,82,8.99,broken clouds
6,Qaanaaq,GL,77.48,-69.36,43.56,77,100,4.65,overcast clouds
7,Mahibadhoo,MV,3.78,72.97,82.58,67,64,6.2,broken clouds
8,Hithadhoo,MV,-0.6,73.08,84.43,71,36,8.7,scattered clouds
9,Tuktoyaktuk,CA,69.45,-133.04,59.0,72,20,2.24,few clouds
10,Coihaique,CL,-45.58,-72.07,26.6,86,0,3.36,clear sky
11,Gat,IL,31.61,34.76,77.0,91,18,4.0,few clouds
12,Barrow,US,71.29,-156.79,46.4,87,40,11.41,scattered clouds
13,Ushuaia,AR,-54.8,-68.3,30.2,92,40,6.93,scattered clouds
14,Busselton,AU,-33.65,115.33,62.01,47,16,3.96,few clouds
15,Moissala,TD,8.34,17.77,70.72,97,100,3.49,overcast clouds
16,Sitka,US,57.05,-135.33,55.4,93,90,2.95,moderate rain
17,Taicheng,CN,38.73,113.23,66.31,69,100,4.09,overcast clouds
18,Khatanga,RU,71.97,102.5,56.44,52,1,16.6,clear sky
19,Bredasdorp,ZA,-34.53,20.04,44.6,81,98,5.82,overcast clouds
20,Port Elizabeth,ZA,-33.92,25.57,48.2,87,40,17.22,scattered clouds
21,Kodiak,US,57.79,-152.41,59.0,77,40,3.36,scattered clouds
22,Chuy,UY,-33.7,-53.46,49.69,87,0,9.13,clear sky
23,Paso De Carrasco,UY,-34.86,-56.05,50.0,71,20,12.75,few clouds
24,Albany,US,42.6,-73.97,60.01,69,0,4.68,clear sky
25,Poum,NC,-20.23,164.02,69.22,69,0,2.48,clear sky
26,New Norfolk,AU,-42.78,147.06,55.0,74,44,1.99,light rain
27,Rocha,UY,-34.48,-54.33,45.93,90,0,7.47,clear sky
28,Jamestown,US,42.1,-79.24,63.0,82,75,4.7,broken clouds
29,Saldanha,ZA,-33.01,17.94,39.2,86,40,2.24,scattered clouds
30,Souillac,MU,-20.52,57.52,73.4,69,40,13.87,scattered clouds
31,Tura,IN,25.52,90.22,81.95,78,30,5.95,light rain
32,Tazovskiy,RU,67.47,78.7,61.07,67,11,11.95,few clouds
33,Airai,TL,-8.93,125.41,77.7,33,7,4.76,clear sky
34,Bathsheba,BB,13.22,-59.52,82.4,78,40,18.34,scattered clouds
35,Pevek,RU,69.7,170.31,44.67,68,75,11.7,broken clouds
36,Sivaki,RU,52.63,126.75,64.04,41,0,12.06,clear sky
37,Umea,SE,63.83,20.26,61.0,93,90,3.36,overcast clouds
38,Lagoa,PT,39.05,-27.98,70.12,77,42,18.63,scattered clouds
39,Kluang,MY,2.03,103.33,86.0,74,40,6.93,scattered clouds
40,Nanortalik,GL,60.14,-45.24,46.8,71,0,1.79,clear sky
41,Cidreira,BR,-30.18,-50.21,61.56,94,48,7.52,light rain
42,Tasiilaq,GL,65.61,-37.64,41.0,81,82,5.08,broken clouds
43,Vaini,TO,-21.2,-175.2,75.2,88,90,12.75,moderate rain
44,Thompson,CA,55.74,-97.86,60.8,82,90,3.36,light rain
45,Punta Arenas,CL,-53.15,-70.92,35.6,59,60,16.11,broken clouds
46,Bitung,ID,1.45,125.18,89.6,49,20,6.93,few clouds
47,Saskylakh,RU,71.92,114.08,48.06,59,99,9.24,overcast clouds
48,Norman Wells,CA,65.28,-126.83,57.2,82,75,4.7,broken clouds
49,Tignere,CM,7.37,12.65,64.69,100,100,2.19,moderate rain
50,Kitami,JP,43.8,143.89,91.4,46,20,5.82,few clouds
51,Ilulissat,GL,69.22,-51.1,44.6,57,99,3.36,overcast clouds
52,Pisco,PE,-13.7,-76.22,59.0,82,40,2.24,scattered clouds
53,Kargalinskaya,RU,43.74,46.48,73.0,59,0,7.43,clear sky
54,Mao,ES,39.89,4.27,71.6,88,7,5.82,clear sky
55,Camocim,BR,-2.9,-40.84,76.87,75,47,17.29,scattered clouds
56,Hermanus,ZA,-34.42,19.23,46.0,75,70,1.01,broken clouds
57,Virginia Beach,US,36.85,-75.98,75.99,88,75,7.67,broken clouds
58,Margate,GB,51.38,1.39,66.99,96,75,1.99,broken clouds
59,Taoudenni,ML,22.68,-3.98,94.73,34,0,1.66,clear sky
60,Atuona,PF,-9.8,-139.03,79.02,73,4,21.23,clear sky
61,Jalu,LY,29.03,21.55,76.06,51,0,8.39,clear sky
62,Khandbari,NP,27.37,87.2,81.09,69,64,1.25,light rain
63,Bhuj,IN,23.27,69.67,85.89,74,82,10.71,broken clouds
64,Praia Da Vitoria,PT,38.73,-27.07,69.8,77,20,18.57,few clouds
65,Lichinga,MZ,-13.31,35.24,59.0,72,40,3.36,scattered clouds
66,Ambon,ID,-3.7,128.18,86.0,62,20,8.05,few clouds
67,Bollnas,SE,61.35,16.39,60.75,70,26,2.64,scattered clouds
68,Georgetown,MY,5.41,100.34,87.8,74,20,2.24,few clouds
69,Tocopilla,CL,-22.09,-70.2,53.89,68,11,8.7,few clouds
70,Strezhevoy,RU,60.73,77.59,59.0,87,75,8.95,broken clouds
71,Kantunilkin,MX,21.09,-87.45,78.01,100,20,0.92,few clouds
72,Broome,US,42.25,-75.83,62.6,67,1,3.36,clear sky
73,Aloleng,PH,16.13,119.78,85.06,72,16,5.37,light rain
74,Veraval,IN,20.9,70.37,83.12,83,100,20.58,moderate rain
75,Saint-Martin-De-Crau,FR,43.64,4.81,66.2,77,76,2.24,broken clouds
76,Hasaki,JP,35.73,140.83,93.0,59,75,8.05,broken clouds
77,Naryan-Mar,RU,67.67,53.09,53.78,90,100,8.93,overcast clouds
78,Kalmunai,LK,7.42,81.82,85.69,58,87,6.38,overcast clouds
79,Port Alfred,ZA,-33.59,26.89,53.2,72,68,24.96,light rain
80,Bowen,AU,-20.02,148.23,81.0,54,0,18.34,clear sky
81,Iqaluit,CA,63.75,-68.51,42.01,93,90,17.22,overcast clouds
82,Summerville,US,33.02,-80.18,75.2,94,40,3.49,scattered clouds
83,Hohhot,CN,40.81,111.65,73.4,56,20,4.47,few clouds
84,Kirkenes,NO,69.73,30.05,50.0,100,75,12.75,broken clouds
85,Puerto Ayora,EC,-0.74,-90.35,66.99,94,77,8.01,broken clouds
86,Gornopravdinsk,RU,60.05,69.9,58.96,83,100,3.78,overcast clouds
87,San Jeronimo,PE,-11.95,-75.28,50.88,64,29,2.37,scattered clouds
88,Oum Hadjer,TD,13.3,19.7,77.99,77,61,6.91,broken clouds
89,Tiksi,RU,71.69,128.87,40.21,86,100,11.95,overcast clouds
90,Rikitea,PF,-23.12,-134.97,71.74,81,56,9.1,broken clouds
91,Canton,CN,23.12,113.25,84.0,74,90,20.13,overcast clouds
92,Palmer,US,42.16,-72.33,62.01,87,1,2.28,clear sky
93,Saint-Philippe,RE,-21.36,55.77,71.6,56,43,2.24,scattered clouds
94,Nikolskoye,RU,59.7,30.79,57.0,81,0,6.71,clear sky
95,Chokurdakh,RU,70.63,147.92,36.66,86,100,11.18,overcast clouds
96,Casper,US,42.87,-106.31,75.99,25,1,8.05,clear sky
97,Husavik,IS,66.04,-17.34,48.2,81,90,6.93,overcast clouds
98,Makakilo City,US,21.35,-158.09,86.0,54,20,6.93,few clouds
99,Belyy Yar,RU,53.6,91.39,60.8,93,75,2.24,light intensity shower rain
100,Miles City,US,46.41,-105.84,82.4,24,1,10.29,clear sky
101,Victoria,HK,22.29,114.16,84.99,78,40,12.75,light intensity shower rain
102,Cherskiy,RU,68.75,161.3,48.47,74,100,7.85,overcast clouds
103,Voh,NC,-20.97,164.7,74.95,50,0,5.91,clear sky
104,Clyde River,CA,70.47,-68.59,46.4,93,90,2.82,overcast clouds
105,Arraial Do Cabo,BR,-22.97,-42.03,71.92,85,20,21.74,few clouds
106,Sinnamary,GF,5.38,-52.95,77.88,86,7,6.91,clear sky
107,Ribeira Grande,PT,38.52,-28.7,70.0,74,23,15.77,few clouds
108,San Ramon,US,37.78,-121.98,89.01,27,1,6.93,smoke
109,Mount Pleasant,US,32.79,-79.86,79.0,100,1,9.62,mist
110,Kapaa,US,22.08,-159.32,79.0,78,40,12.75,light rain
111,Mahon,ES,39.89,4.27,71.6,88,7,5.82,clear sky
112,Caravelas,BR,-17.71,-39.25,70.92,90,7,5.26,clear sky
113,Pyshchug,RU,58.89,45.71,47.35,73,0,8.75,clear sky
114,Rio Gallegos,AR,-51.62,-69.22,28.4,86,25,10.29,scattered clouds
115,Coquimbo,CL,-29.95,-71.34,50.0,81,90,4.7,overcast clouds
116,Constitucion,CL,-35.33,-72.42,45.86,77,18,6.93,few clouds
117,Yellowknife,CA,62.46,-114.35,61.0,77,75,9.17,broken clouds
118,Sakakah,SA,29.97,40.21,77.0,27,0,4.7,clear sky
119,Dingle,PH,11.0,122.67,84.65,77,99,6.8,light rain
120,Maymyo,MM,22.03,96.47,86.0,70,75,11.41,broken clouds
121,Kindu,CD,-2.95,25.95,72.23,79,0,2.53,clear sky
122,Bluff,NZ,-46.6,168.33,55.0,83,95,8.99,overcast clouds
123,Egvekinot,RU,66.32,-179.17,52.21,62,98,4.99,overcast clouds
124,Porto Novo,BJ,6.5,2.6,75.2,94,40,11.41,scattered clouds
125,Osinki,RU,52.84,49.51,56.28,70,51,6.08,broken clouds
126,Hilo,US,19.73,-155.09,77.0,78,90,6.69,light rain
127,Itoman,JP,26.12,127.67,91.4,63,40,10.29,scattered clouds
128,Tuatapere,NZ,-46.13,167.68,55.0,83,94,8.99,overcast clouds
129,Barra Do Garcas,BR,-15.89,-52.26,74.05,32,1,2.3,clear sky
130,Arrecife,ES,28.96,-13.55,71.6,83,0,18.34,clear sky
131,Bambous Virieux,MU,-20.34,57.76,73.4,69,40,13.87,scattered clouds
132,Kavieng,PG,-2.57,150.8,84.47,72,40,8.81,scattered clouds
133,Luocheng,CN,29.38,104.03,73.17,76,100,3.22,overcast clouds
134,East London,ZA,-33.02,27.91,51.8,53,20,25.28,few clouds
135,Kloulklubed,PW,7.04,134.26,86.0,70,75,11.41,broken clouds
136,Semey,KZ,50.41,80.23,77.0,27,81,13.42,broken clouds
137,College,US,64.86,-147.8,73.4,40,40,3.36,scattered clouds
138,Schoneiche,DE,52.47,13.68,70.0,100,20,6.93,few clouds
139,Kozhva,RU,65.11,57.05,55.09,90,60,2.95,broken clouds
140,Hawkesbury,CA,45.6,-74.62,57.99,87,20,4.7,few clouds
141,Nawada,IN,24.88,85.53,87.8,79,40,4.7,mist
142,Bandar-E Anzali,IR,37.47,49.46,71.6,88,90,0.96,overcast clouds
143,Lebu,CL,-37.62,-73.65,43.97,73,0,13.31,clear sky
144,Pushchino,RU,54.83,37.63,51.8,81,92,2.91,overcast clouds
145,Laguna,US,38.42,-121.42,91.99,29,90,3.36,overcast clouds
146,La Seyne-Sur-Mer,FR,43.1,5.88,64.99,82,57,3.36,broken clouds
147,Ylojarvi,FI,61.56,23.6,55.4,93,2,2.24,clear sky
148,Aldan,RU,58.6,125.39,60.8,44,78,10.85,broken clouds
149,Jolo,PH,6.05,121.02,85.17,66,100,4.56,overcast clouds
150,Vardo,NO,70.37,31.11,50.0,100,75,2.24,broken clouds
151,La Rioja,ES,42.25,-2.5,60.8,93,72,2.24,broken clouds
152,Prince Rupert,CA,54.32,-130.32,57.2,82,90,3.36,overcast clouds
153,Alice Springs,AU,-23.7,133.88,69.8,18,0,5.82,clear sky
154,Kaeo,NZ,-35.1,173.78,62.01,58,8,8.01,clear sky
155,Makiyivka,UA,48.05,37.93,74.93,44,18,0.87,few clouds
156,Mount Isa,AU,-20.73,139.5,89.6,13,2,5.82,clear sky
157,Rawson,AR,-43.3,-65.1,39.45,77,78,24.72,broken clouds
158,Fortuna,US,40.6,-124.16,60.01,87,17,4.68,few clouds
159,Salalah,OM,17.02,54.09,77.0,100,90,4.7,drizzle
160,Kosonsoy,UZ,41.26,71.55,71.6,56,0,2.24,clear sky
161,Basco,PH,20.45,121.97,85.24,75,100,8.66,overcast clouds
162,Kaitangata,NZ,-46.28,169.85,55.99,69,76,4.0,broken clouds
163,Santa Isabel,BR,-23.32,-46.22,60.8,100,90,6.93,thunderstorm with light rain
164,Srednekolymsk,RU,67.45,153.68,56.52,46,99,3.83,overcast clouds
165,Broken Hill,AU,-31.95,141.43,60.8,38,75,28.86,broken clouds
166,Half Moon Bay,US,37.46,-122.43,73.99,68,1,13.87,clear sky
167,Muisne,EC,0.6,-80.03,72.55,86,100,10.33,overcast clouds
168,Castro,BR,-24.79,-50.01,57.9,96,100,4.54,light rain
169,Olafsvik,IS,64.89,-23.71,49.55,80,78,12.33,broken clouds
170,Torbay,CA,47.67,-52.73,57.99,100,90,23.04,moderate rain
171,Naze,JP,28.37,129.48,93.2,67,20,9.17,few clouds
172,Toyooka,JP,35.53,134.83,93.2,49,75,2.24,broken clouds
173,Sao Filipe,CV,14.9,-24.5,77.31,88,44,7.25,scattered clouds
174,Teguise,ES,29.06,-13.56,71.6,83,0,18.34,clear sky
175,Buala,SB,-8.14,159.59,85.05,69,89,4.83,light rain
176,Sukhumi,GE,43.0,41.02,72.0,63,0,2.73,clear sky
177,Waipawa,NZ,-41.41,175.52,53.6,93,100,3.36,drizzle
178,Puerto Madryn,AR,-42.77,-65.04,37.49,79,16,25.93,few clouds
179,Calvinia,ZA,-31.47,19.78,32.47,95,39,1.21,scattered clouds
180,Kulhudhuffushi,MV,6.62,73.07,82.53,69,98,6.44,overcast clouds
181,Ostrovnoy,RU,68.05,39.51,49.8,69,0,3.38,clear sky
182,Cape Town,ZA,-33.93,18.42,41.0,93,20,2.24,few clouds
183,Ballina,AU,-28.87,153.57,77.0,33,0,17.22,clear sky
184,Greymouth,NZ,-42.47,171.2,50.7,93,100,7.63,moderate rain
185,Nantucket,US,41.28,-70.1,68.0,94,1,9.17,clear sky
186,Talnakh,RU,69.49,88.4,73.4,28,1,11.18,clear sky
187,Severo-Kurilsk,RU,50.68,156.12,51.24,87,100,12.59,light rain
188,Pingliang,CN,35.54,106.69,71.4,54,0,10.54,clear sky
189,Hami,CN,42.8,93.45,92.75,11,100,1.03,overcast clouds
190,Cockburn Town,TC,21.46,-71.14,83.39,79,0,16.78,clear sky
191,Grants,US,35.15,-107.85,71.6,43,40,5.82,scattered clouds
192,Muroto,JP,33.28,134.15,91.4,66,20,11.41,few clouds
193,Dwarka,IN,22.24,68.97,84.06,82,97,17.4,moderate rain
194,Tabou,CI,4.42,-7.35,75.69,87,98,8.48,light rain
195,Urucara,BR,-2.54,-57.76,79.43,55,12,2.91,few clouds
196,Santa Vitoria Do Palmar,BR,-33.52,-53.37,50.14,89,0,8.19,clear sky
197,Goderich,CA,43.75,-81.72,69.01,65,0,1.01,clear sky
198,Aldergrove,CA,49.06,-122.47,68.0,77,5,5.82,clear sky
199,Vanimo,PG,-2.67,141.3,83.66,72,100,5.99,light rain
200,Puerto Escondido,MX,15.85,-97.07,80.31,82,97,7.9,moderate rain
201,Zhezkazgan,KZ,47.8,67.71,66.2,52,0,13.42,clear sky
202,Dikson,RU,73.51,80.55,55.98,69,0,10.49,clear sky
203,Mariestad,SE,58.71,13.82,64.99,93,87,1.12,overcast clouds
204,Butaritari,KI,3.07,172.79,83.97,69,0,10.2,clear sky
205,Avarua,CK,-21.21,-159.78,73.4,73,59,17.22,light rain
206,Hambantota,LK,6.12,81.12,86.0,74,20,14.99,few clouds
207,South Sioux City,US,42.47,-96.41,69.01,93,1,6.93,clear sky
208,Los Llanos De Aridane,ES,28.66,-17.92,71.01,88,0,9.17,clear sky
209,Masuda,JP,34.67,131.85,86.0,79,20,10.29,few clouds
210,Klaksvik,FO,62.23,-6.59,50.0,81,100,9.17,overcast clouds
211,Hobyo,SO,5.35,48.53,78.4,78,100,20.56,overcast clouds
212,Mar Del Plata,AR,-38.0,-57.56,39.99,74,25,4.7,scattered clouds
213,Teahupoo,PF,-17.83,-149.27,80.6,65,75,3.36,broken clouds
214,Port Hardy,CA,50.7,-127.42,59.0,87,75,6.13,broken clouds
215,Faya,SA,18.39,42.45,71.6,60,67,7.09,broken clouds
216,Tecoanapa,MX,16.52,-98.75,80.73,84,67,7.72,broken clouds
217,Hofn,IS,64.25,-15.21,47.68,82,100,18.12,overcast clouds
218,Mandalgovi,MN,45.76,106.27,65.98,52,1,17.6,clear sky
219,Meulaboh,ID,4.14,96.13,86.04,60,93,1.97,overcast clouds
220,Dzaoudzi,YT,-12.79,45.27,75.2,88,75,1.12,broken clouds
221,Codrington,AU,-38.27,141.97,55.0,64,62,8.99,light rain
222,Tabas,IR,33.6,56.92,87.8,19,5,6.93,clear sky
223,Yeppoon,AU,-23.13,150.73,87.8,27,0,10.29,clear sky
224,Shelekhov,RU,52.21,104.1,77.0,44,81,15.66,broken clouds
225,Nioki,CD,-2.72,17.68,77.25,76,5,4.07,clear sky
226,Lasa,IT,46.62,10.7,51.8,100,20,3.36,few clouds
227,Anchorage,US,61.22,-149.9,60.01,77,90,1.61,moderate rain
228,Lorengau,PG,-2.02,147.27,85.95,65,12,7.83,few clouds
229,Port Keats,AU,-14.25,129.55,85.96,52,5,10.27,clear sky
230,Touros,BR,-5.2,-35.46,69.8,100,20,4.7,few clouds
231,Faanui,PF,-16.48,-151.75,77.99,76,24,21.14,few clouds
232,Kenitra,MA,34.26,-6.58,69.8,100,20,4.7,few clouds
233,Mednogorsk,RU,51.41,57.59,53.33,70,0,11.54,clear sky
234,Bambari,CF,5.77,20.68,71.29,95,100,2.39,overcast clouds
235,Provideniya,RU,64.38,-173.3,53.6,76,82,8.95,broken clouds
236,Shimoda,JP,34.67,138.95,86.0,74,75,6.93,broken clouds
237,Flinders,AU,-34.58,150.86,68.0,41,19,14.0,few clouds
238,Shirgaon,IN,19.7,72.7,82.4,83,75,12.75,haze
239,Mbanza-Ngungu,CD,-5.25,14.87,69.24,85,92,9.33,overcast clouds
240,Sola,VU,-13.88,167.55,82.4,83,75,5.82,broken clouds
241,Carnarvon,AU,-24.87,113.63,71.6,37,37,14.99,scattered clouds
242,Kushiro,JP,42.98,144.37,77.0,69,20,11.41,few clouds
243,Arcata,US,40.87,-124.08,59.0,100,1,2.95,clear sky
244,Fort Nelson,CA,58.81,-122.7,57.2,93,75,3.36,broken clouds
245,Mabaruma,GY,8.2,-59.78,74.23,97,61,2.39,broken clouds
246,Ketchikan,US,55.34,-131.65,57.2,100,90,17.22,overcast clouds
247,Vire,FR,48.92,-0.83,62.6,93,100,10.29,overcast clouds
248,Beira,MZ,-19.84,34.84,64.4,100,40,4.7,fog
249,Manadhoo,MV,5.77,73.38,82.56,67,53,6.11,broken clouds
250,Candolim,IN,15.52,73.76,78.8,88,75,13.87,drizzle
251,Urumqi,CN,43.8,87.6,75.2,41,98,2.24,light rain
252,Shubarshi,KZ,48.59,57.19,61.65,46,0,10.22,clear sky
253,Peniche,PT,39.36,-9.38,70.0,90,23,5.01,few clouds
254,Aswan,EG,24.09,32.91,84.11,29,0,9.6,clear sky
255,Beloha,MG,-25.17,45.05,64.8,65,0,8.25,clear sky
256,Sao Joao Da Barra,BR,-21.64,-41.05,72.75,82,0,21.79,clear sky
257,Darhan,MN,49.49,105.92,68.97,58,46,12.37,scattered clouds
258,Gizo,SB,-8.1,156.84,82.04,76,36,4.16,light rain
259,Diffa,NE,13.32,12.61,79.7,58,83,7.63,broken clouds
260,Chiang Klang,TH,19.29,100.86,78.8,83,75,2.24,broken clouds
261,Vila,PT,42.03,-8.16,63.0,87,96,5.99,overcast clouds
262,Salym,RU,60.06,71.48,61.68,72,61,5.73,broken clouds
263,Iwanai,JP,42.97,140.51,81.93,66,2,8.41,clear sky
264,Padang,ID,-0.95,100.35,85.66,61,88,3.8,overcast clouds
265,Upernavik,GL,72.79,-56.15,46.87,67,100,7.47,overcast clouds
266,Oistins,BB,13.07,-59.53,82.4,78,40,18.34,scattered clouds
267,Shumyachi,RU,53.86,32.42,59.13,95,99,5.44,light rain
268,Lovozero,RU,68.0,35.01,51.26,68,71,1.74,broken clouds
269,Kamenka,RU,51.32,42.77,62.01,74,76,1.99,broken clouds
270,Kahului,US,20.89,-156.47,82.4,58,40,18.34,scattered clouds
271,Fez,MA,34.04,-5.0,71.6,64,0,2.24,clear sky
272,Coari,BR,-4.08,-63.14,78.93,63,5,2.62,clear sky
273,Wanning,CN,18.8,110.4,86.67,71,100,7.76,light rain
274,Stara Vyzhivka,UA,51.44,24.44,60.78,91,35,4.21,scattered clouds
275,Mogadishu,SO,2.04,45.34,77.27,83,93,15.43,light rain
276,Carthage,TN,36.86,10.33,75.2,73,80,3.36,broken clouds
277,Pacific Grove,US,36.62,-121.92,69.8,60,90,4.7,smoke
278,Ellensburg,US,47.0,-120.55,75.99,43,1,16.11,clear sky
279,Mahebourg,MU,-20.41,57.7,73.4,69,40,13.87,scattered clouds
280,Rajshahi,BD,24.37,88.6,84.25,81,48,12.71,scattered clouds
281,Santa Cruz,BO,-17.8,-63.17,73.4,88,75,5.82,broken clouds
282,Tshikapa,CD,-6.42,20.8,78.39,52,85,3.94,overcast clouds
283,Antofagasta,CL,-23.65,-70.4,55.4,71,40,10.29,scattered clouds
284,Mugur-Aksy,RU,50.35,90.5,56.03,53,96,5.26,overcast clouds
285,Ponta Do Sol,PT,32.67,-17.1,69.8,77,20,4.7,few clouds
286,Namibe,AO,-15.2,12.15,60.73,81,0,6.33,clear sky
287,Katangli,RU,51.71,143.23,63.54,68,58,15.95,broken clouds
288,La Paz,BO,-16.5,-68.15,32.0,64,75,2.24,broken clouds
289,La Ronge,CA,55.1,-105.28,66.2,82,20,10.29,few clouds
290,Tamiahua,MX,21.27,-97.45,78.87,84,90,4.97,overcast clouds
291,Novoanninskiy,RU,50.53,42.67,64.99,69,80,1.99,broken clouds
292,Longyearbyen,SJ,78.22,15.64,41.0,86,75,14.99,light intensity shower rain
293,Mehran,IR,33.12,46.16,75.2,22,0,4.7,clear sky
294,Isangel,VU,-19.55,169.27,78.8,65,40,8.05,scattered clouds
295,Lompoc,US,34.64,-120.46,66.99,77,1,5.82,clear sky
296,Ahipara,NZ,-35.17,173.17,60.12,83,7,11.92,clear sky
297,Port-Gentil,GA,-0.72,8.78,75.78,87,100,14.85,overcast clouds
298,Lynchburg,US,37.41,-79.14,71.6,83,20,0.65,few clouds
299,Bouna,CI,9.27,-3.0,70.86,96,95,5.99,overcast clouds
300,Worthington,US,40.09,-83.02,63.0,72,1,5.82,clear sky
301,Gamboma,CG,-1.88,15.86,76.32,79,75,4.74,broken clouds
302,Shingu,JP,33.73,135.98,89.6,62,40,6.93,scattered clouds
303,Pascagoula,US,30.37,-88.56,78.8,83,90,8.05,thunderstorm with rain
304,Roald,NO,62.58,6.13,61.0,93,54,5.82,broken clouds
305,Solvychegodsk,RU,61.33,46.92,46.9,75,29,10.25,scattered clouds
306,Hirara,JP,24.8,125.28,89.6,79,40,12.75,shower rain
307,Korla,CN,41.76,86.15,87.96,18,83,12.1,broken clouds
308,Quatre Cocos,MU,-20.21,57.76,73.4,69,40,13.87,scattered clouds
309,Taitung,TW,22.76,121.14,89.6,70,40,10.29,shower rain
310,Puerto Lempira,HN,15.27,-83.77,79.84,84,100,3.85,overcast clouds
311,Ruteng,ID,-8.61,120.47,70.9,75,66,2.13,light rain
312,Xunchang,CN,28.45,104.72,83.98,51,99,0.87,overcast clouds
313,Khani,GE,41.96,42.96,66.2,100,90,2.24,fog
314,Eshowe,ZA,-28.89,31.47,44.65,68,0,5.32,clear sky
315,Miraflores,MX,19.22,-98.81,64.4,63,75,6.93,broken clouds
316,Saint-Paul,RE,-21.01,55.27,71.6,64,21,16.11,few clouds
317,Angoram,PG,-4.06,144.07,93.22,47,17,4.12,few clouds
318,Mount Gambier,AU,-37.83,140.77,51.8,81,75,18.34,light intensity shower rain
319,Tilichiki,RU,60.47,166.1,56.64,62,100,13.13,overcast clouds
320,Olhao,PT,37.03,-7.84,69.8,68,0,4.7,clear sky
321,Ryomgard,DK,56.38,10.5,61.0,100,90,3.36,fog
322,Vestmannaeyjar,IS,63.44,-20.27,51.71,88,79,18.63,broken clouds
323,San Juan,AR,-31.54,-68.54,51.08,46,94,16.73,overcast clouds
324,Kurchum,KZ,48.57,83.65,73.58,39,36,8.12,scattered clouds
325,Benjamin Aceval,PY,-24.97,-57.57,68.0,94,90,6.93,thunderstorm
326,Port Macquarie,AU,-31.43,152.92,73.4,20,0,17.22,clear sky
327,Geraldton,AU,-28.77,114.6,62.6,67,19,10.29,few clouds
328,Axim,GH,4.87,-2.24,75.61,87,100,8.66,light rain
329,Barma,SL,8.35,-11.33,73.42,95,100,1.74,light rain
330,Saint-Georges,GD,12.06,-61.75,80.6,83,40,5.82,scattered clouds
331,Gravelbourg,CA,49.88,-106.55,81.32,26,50,5.37,scattered clouds
332,Cumana,VE,10.46,-64.18,79.41,77,85,2.17,overcast clouds
333,Sungaipenuh,ID,-2.08,101.38,76.84,67,97,1.79,overcast clouds
334,Jutai,BR,-5.18,-68.9,73.53,88,15,1.57,few clouds
335,Tuy Hoa,VN,13.08,109.3,89.55,59,96,13.09,overcast clouds
336,Gorkovskiy,RU,45.65,41.2,73.44,32,62,2.89,broken clouds
337,Kovur,IN,14.48,79.98,88.45,55,100,15.93,overcast clouds
338,Westport,US,41.14,-73.36,71.6,60,1,3.36,clear sky
339,The Pas,CA,53.83,-101.25,69.8,68,1,9.26,clear sky
340,Leningradskiy,RU,69.38,178.42,49.8,58,54,12.93,broken clouds
341,Vozuca,BA,44.36,18.36,60.8,93,75,2.24,broken clouds
342,Zapolyarnyy,RU,69.42,30.81,50.0,100,75,12.75,broken clouds
343,Tadine,NC,-21.55,167.88,72.7,58,61,3.51,broken clouds
344,Loralai,PK,30.37,68.6,86.13,39,2,4.43,clear sky
345,Nouadhibou,MR,20.93,-17.03,69.8,88,1,16.11,clear sky
346,Manaure,CO,11.78,-72.44,82.0,79,91,5.23,overcast clouds
347,Snezhnogorsk,RU,69.19,33.25,48.2,100,75,6.71,broken clouds
348,Aklavik,CA,68.22,-135.01,59.0,62,75,3.36,broken clouds
349,Zhuhai,CN,22.28,113.57,82.99,88,40,19.46,scattered clouds
350,Salekhard,RU,66.53,66.6,57.58,80,88,17.58,overcast clouds
351,Yagodnoye,RU,62.55,149.67,55.56,64,100,7.94,light rain
352,Tongliao,CN,43.61,122.27,73.4,56,99,11.68,overcast clouds
353,Mayor Pablo Lagerenza,PY,-19.93,-60.77,78.46,49,21,1.77,few clouds
354,Akureyri,IS,65.68,-18.09,48.2,81,90,6.93,overcast clouds
355,Verkhnyaya Inta,RU,65.98,60.31,60.73,70,82,10.6,broken clouds
356,Bartica,GY,6.4,-58.62,78.8,88,100,2.24,overcast clouds
357,Dedovichi,RU,57.55,29.95,53.62,84,18,2.8,few clouds
358,Pakxan,LA,18.38,103.66,81.19,82,96,3.51,light rain
359,Ishigaki,JP,24.34,124.16,87.8,84,75,9.17,broken clouds
360,Manzhouli,CN,49.6,117.43,64.44,38,0,4.5,clear sky
361,Jiangyou,CN,31.77,104.72,75.52,65,96,4.81,overcast clouds
362,Ixtapa,MX,20.7,-105.2,77.0,94,90,2.86,moderate rain
363,Belmonte,BR,-15.86,-38.88,71.6,88,75,4.7,broken clouds
364,Fairbanks,US,64.84,-147.72,73.4,35,20,3.36,few clouds
365,Lower Hutt,NZ,-41.22,174.92,54.0,93,100,3.36,moderate rain
366,Barguzin,RU,53.62,109.62,70.83,33,0,4.52,clear sky
367,Tigre,AR,-34.43,-58.58,52.0,57,84,14.99,broken clouds
368,Mana,GF,5.66,-53.78,77.68,87,4,6.71,clear sky
369,Tupik,RU,54.43,119.93,65.79,42,0,4.29,clear sky
370,Grand-Lahou,CI,5.14,-5.02,74.34,92,65,7.4,light rain
371,Los Amates,GT,15.27,-89.1,74.98,86,88,1.14,overcast clouds
372,Baykit,RU,61.67,96.37,72.63,39,98,7.63,overcast clouds
373,Guerrero Negro,MX,27.98,-114.06,77.92,67,14,12.71,few clouds
374,Ponta Delgada,PT,37.73,-25.67,69.8,83,40,20.8,scattered clouds
375,Umm Kaddadah,SD,13.6,26.69,79.47,70,100,11.14,overcast clouds
376,Riyadh,SA,24.69,46.72,80.6,22,4,3.36,clear sky
377,Bengkulu,ID,-3.8,102.27,88.21,58,43,4.56,scattered clouds
378,Kutoarjo,ID,-7.72,109.91,88.29,52,23,9.44,few clouds
379,Plouzane,FR,48.38,-4.62,64.4,100,100,20.8,moderate rain
380,Surgut,RU,61.25,73.42,60.8,100,75,6.71,broken clouds
381,Kaka,TM,37.35,59.61,83.1,21,0,8.86,clear sky
382,Colesberg,ZA,-30.72,25.1,23.9,96,0,5.08,clear sky
383,Kenai,US,60.55,-151.26,57.99,71,90,5.82,overcast clouds
384,Mayo,US,38.89,-76.51,73.4,83,1,1.63,light rain
385,Hukuntsi,BW,-24.0,21.75,30.43,78,0,10.42,clear sky
386,San Vicente,AR,-26.62,-54.13,60.06,100,89,0.67,overcast clouds
387,Kifri,IQ,34.7,44.97,88.36,13,0,2.01,clear sky
388,Simpang,ID,-1.27,104.08,84.92,74,100,4.38,light rain
389,Beringovskiy,RU,63.05,179.32,54.01,56,28,4.88,scattered clouds
390,Ukiah,US,39.15,-123.21,87.8,11,1,11.41,clear sky
391,Tenenkou,ML,14.46,-4.92,80.8,74,100,7.43,overcast clouds
392,Comodoro Rivadavia,AR,-45.87,-67.5,35.6,55,1,8.05,clear sky
393,Hamada,JP,34.88,132.08,86.0,79,20,10.29,few clouds
394,Daokou,CN,35.56,114.51,79.41,70,88,15.88,light rain
395,Konosha,RU,60.97,40.26,44.37,85,0,3.13,clear sky
396,Maloy,NO,61.94,5.11,62.6,100,75,9.17,broken clouds
397,Doka,SD,13.52,35.77,69.62,96,100,9.1,overcast clouds
398,Revyakino,RU,54.37,37.66,54.72,77,98,4.88,overcast clouds
399,Ola,RU,59.58,151.28,52.27,87,100,21.0,light rain
400,Jiwani,PK,25.05,61.74,82.89,77,68,7.11,broken clouds
401,Zhanaozen,KZ,43.3,52.8,73.38,42,0,9.28,clear sky
402,Moroto,UG,2.53,34.67,64.44,81,82,4.14,broken clouds
403,Breznik,BG,42.74,22.9,60.8,100,75,3.36,broken clouds
404,Koppal,IN,15.35,76.15,78.06,76,100,18.1,overcast clouds
405,Ankeny,US,41.73,-93.61,66.0,82,1,3.44,clear sky
406,Petropavlovsk-Kamchatskiy,RU,53.05,158.65,57.2,71,40,11.18,scattered clouds
407,Hamilton,US,39.18,-84.53,66.0,100,40,8.48,scattered clouds
408,Bellinge,DK,55.34,10.32,60.8,100,79,3.36,broken clouds
409,Simao,CN,22.79,100.97,66.69,96,100,0.78,light rain
410,Bonavista,CA,48.65,-53.11,57.99,75,100,11.01,overcast clouds
411,Chicama,PE,-7.84,-79.15,59.05,84,44,5.97,scattered clouds
412,Pangody,RU,65.85,74.49,63.82,59,93,17.38,overcast clouds
413,Gao,ML,16.64,1.64,87.19,56,25,16.13,scattered clouds
414,Lavrentiya,RU,65.58,-171.0,52.14,73,81,6.91,broken clouds
415,Nago,JP,26.59,127.98,93.2,59,40,6.93,scattered clouds
416,Necochea,AR,-38.55,-58.74,37.0,88,2,4.0,clear sky
417,Karratha,AU,-20.74,116.85,79.56,22,4,18.14,clear sky
418,Tyrma,RU,50.08,132.17,66.49,37,0,12.01,clear sky
419,Namatanai,PG,-3.67,152.43,82.98,73,21,8.59,light rain
420,Talara,PE,-4.58,-81.27,62.98,80,97,17.25,overcast clouds
421,Curitibanos,BR,-27.28,-50.58,54.88,99,100,3.13,overcast clouds
422,Saint George,US,37.1,-113.58,98.6,12,1,6.93,clear sky
423,Congonhas,BR,-20.5,-43.86,59.25,92,0,4.09,clear sky
424,Ecoporanga,BR,-18.37,-40.83,67.35,94,52,3.85,light rain
425,Kathu,TH,7.92,98.33,88.0,74,40,9.17,scattered clouds
426,Portales,US,34.19,-103.33,78.01,49,1,6.93,clear sky
427,Bijar,IR,35.87,47.61,61.34,64,0,5.28,clear sky
428,Mantua,IT,45.17,10.78,69.01,89,0,1.99,clear sky
429,Ancud,CL,-41.87,-73.82,37.99,75,1,4.7,clear sky
430,Waingapu,ID,-9.66,120.26,85.68,48,6,14.12,clear sky
431,Merta,IN,26.65,74.03,85.77,73,95,12.26,overcast clouds
432,Cruzeiro Do Oeste,BR,-23.79,-53.07,63.61,97,98,2.98,overcast clouds
433,Bereda,ES,43.27,-7.54,64.99,77,51,14.0,broken clouds
434,Starogard Gdanski,PL,53.96,18.53,64.99,100,96,6.04,overcast clouds
435,Lobez,PL,53.64,15.62,61.0,86,100,3.4,overcast clouds
436,Sohag,EG,26.56,31.69,84.2,39,0,11.41,clear sky
437,Marsh Harbour,BS,26.54,-77.06,84.18,74,25,9.91,scattered clouds
438,Avera,US,33.19,-82.53,70.0,85,1,4.7,clear sky
439,Taksimo,RU,56.34,114.88,67.28,39,0,2.51,clear sky
440,Kaa-Khem,RU,51.68,94.73,75.79,39,100,4.47,overcast clouds
441,Tallahassee,US,30.44,-84.28,77.0,94,75,5.82,light rain
442,Tandil,AR,-37.32,-59.13,39.0,66,8,5.99,clear sky
443,Belaya Gora,RU,68.53,146.42,46.38,63,99,8.32,overcast clouds
444,Maralal,KE,1.1,36.7,57.34,92,54,2.44,broken clouds
445,Erzin,TR,36.96,36.2,77.0,90,36,1.01,scattered clouds
446,Sambava,MG,-14.27,50.17,67.26,79,88,7.99,overcast clouds
447,Pasni,PK,25.26,63.47,83.28,80,100,6.8,overcast clouds
448,Ambulu,ID,-8.35,113.61,83.82,60,27,9.1,scattered clouds
449,Almaznyy,RU,48.04,40.05,66.2,59,36,2.8,scattered clouds
450,Bose,IT,45.46,8.01,66.99,84,31,3.0,scattered clouds
451,Karasjok,NO,69.47,25.51,48.2,93,20,6.93,few clouds
452,Oga,IT,46.46,10.35,51.8,100,20,2.24,few clouds
453,San Ignacio,BZ,17.16,-89.07,79.0,77,27,2.3,scattered clouds
454,Koungou,YT,-12.73,45.2,75.2,88,75,1.12,broken clouds
455,Meadow Lake,US,34.8,-106.54,82.4,23,40,6.93,scattered clouds
456,Loyga,RU,61.08,44.61,46.38,69,0,9.13,clear sky
457,Palauig,PH,15.44,119.9,84.94,72,78,5.23,moderate rain
458,Paraiso,CR,9.84,-83.87,73.4,78,99,6.93,light rain
459,Puntarenas,CR,9.98,-84.84,73.4,78,100,6.93,light rain
460,Bahia Honda,CU,22.9,-83.16,79.36,81,1,3.47,clear sky
461,Mocorito,MX,25.48,-107.92,80.01,88,100,10.0,overcast clouds
462,Cabo San Lucas,MX,22.89,-109.91,82.99,65,90,8.59,overcast clouds
463,Eirunepe,BR,-6.66,-69.87,74.84,77,1,2.42,clear sky
464,Esperance,AU,-33.87,121.9,55.4,100,90,12.75,overcast clouds
465,Alagir,RU,43.04,44.22,60.8,82,0,4.47,clear sky
466,Cortez,US,37.35,-108.59,78.8,24,1,5.82,clear sky
467,Bosaso,SO,11.28,49.18,92.07,37,80,22.35,broken clouds
468,Richards Bay,ZA,-28.78,32.04,59.76,36,0,13.82,clear sky
469,Negru Voda,RO,43.82,28.2,64.99,88,40,6.93,scattered clouds
470,Tezu,IN,27.92,96.17,90.36,49,0,3.2,clear sky
471,Nokaneng,BW,-19.67,22.27,42.69,58,0,8.43,clear sky
472,Umm Lajj,SA,25.02,37.27,86.95,51,1,6.51,clear sky
473,Catuday,PH,16.29,119.81,83.07,76,7,2.55,light rain
474,Tommot,RU,58.96,126.29,64.83,45,98,10.11,overcast clouds
475,Narsaq,GL,60.92,-46.05,48.2,66,0,3.36,clear sky
476,Hovd,MN,48.01,91.64,71.42,35,100,10.74,overcast clouds
477,Portobelo,PA,9.55,-79.65,77.0,94,100,5.99,overcast clouds
478,Bud,US,39.45,-86.18,64.99,77,1,3.36,clear sky
479,Requena,ES,39.49,-1.1,63.0,77,65,1.86,broken clouds
480,Kudahuvadhoo,MV,2.67,72.89,83.01,68,57,7.09,broken clouds
481,Te Anau,NZ,-45.42,167.72,52.47,83,72,1.88,broken clouds
482,Moerai,PF,-22.43,-151.33,70.02,76,83,28.14,broken clouds
483,Casablanca,MA,33.59,-7.62,73.0,100,75,3.36,broken clouds
484,Varhaug,NO,58.61,5.65,60.01,99,68,5.55,broken clouds
485,Chincholi,IN,17.47,77.43,76.03,84,100,9.69,overcast clouds
486,Alofi,NU,-19.06,-169.92,75.2,94,92,14.99,light rain
487,Shaowu,CN,27.34,117.48,94.39,47,94,3.27,overcast clouds
488,Mackay,AU,-21.15,149.2,89.01,57,6,19.46,clear sky
489,Fuerte Olimpo,PY,-21.04,-57.87,69.8,90,34,3.4,scattered clouds
490,Pak Phanang,TH,8.35,100.2,93.2,63,20,3.36,few clouds
491,San Patricio,MX,19.22,-104.7,77.77,85,100,3.6,light rain
492,Aljezur,PT,37.32,-8.8,66.0,88,3,5.91,clear sky
493,Vao,NC,-22.67,167.48,69.01,57,0,4.34,clear sky
494,Sur,OM,22.57,59.53,89.26,60,29,2.06,scattered clouds
495,Vredendal,ZA,-31.67,18.5,41.95,79,18,3.65,few clouds
496,Kaili,ID,-3.46,120.21,79.72,51,42,5.73,scattered clouds
497,Visnes,NO,59.36,5.22,62.01,93,85,2.24,overcast clouds
498,Yatou,CN,37.15,122.38,84.87,83,16,13.0,few clouds
499,Sarwar,IN,26.07,75.0,86.45,72,100,12.3,overcast clouds
500,Jiayuguan,CN,39.82,98.3,86.56,13,0,15.03,clear sky
501,Xam Nua,LA,20.42,104.04,73.85,90,100,1.7,moderate rain
502,Sorong,ID,-0.88,131.25,81.18,83,81,9.57,moderate rain
503,Camana,PE,-16.62,-72.71,56.68,77,63,7.11,broken clouds
504,Nome,US,64.5,-165.41,63.0,77,1,5.82,clear sky
505,High Level,CA,58.52,-117.14,60.8,87,75,8.05,broken clouds
506,Saint-Francois,FR,46.42,3.91,60.01,93,88,2.19,overcast clouds
507,Zhadovka,RU,53.57,46.95,57.88,70,90,5.57,overcast clouds
508,Great Falls,US,47.5,-111.3,75.99,35,1,3.36,clear sky
509,Barreirinhas,BR,-2.75,-42.83,77.83,76,0,11.18,clear sky
510,Zhicheng,CN,30.3,111.5,95.0,47,59,5.99,light rain
511,Sangar,RU,63.92,127.47,63.23,52,77,9.01,broken clouds
512,Xichang,CN,27.9,102.26,64.2,76,100,2.59,light rain
513,Turukhansk,RU,65.82,87.98,74.73,36,1,15.99,clear sky
514,Mtwara,TZ,-10.27,40.18,72.59,85,86,5.35,overcast clouds
515,Katsuura,JP,35.13,140.3,93.0,59,75,9.17,broken clouds
516,Sopelana,ES,43.38,-2.98,78.01,73,71,4.7,broken clouds
517,Honningsvag,NO,70.98,25.97,50.0,87,40,5.82,scattered clouds
518,Koumac,NC,-20.57,164.28,71.46,60,2,4.56,clear sky
519,Marsa Matruh,EG,31.35,27.25,73.4,83,20,3.36,few clouds
520,Chino Valley,US,34.76,-112.45,80.6,30,1,0.89,clear sky
521,Tautira,PF,-17.73,-149.15,80.6,65,75,3.36,broken clouds
522,Kirakira,SB,-10.45,161.92,83.01,79,96,9.17,light rain
523,Kapoeta,SS,4.77,33.59,74.7,80,90,4.25,overcast clouds
524,Ust-Maya,RU,60.42,134.53,67.69,30,79,9.15,broken clouds
525,Usinsk,RU,65.99,57.53,55.98,85,87,8.79,overcast clouds
526,Alta Floresta,BR,-9.88,-56.09,75.2,64,9,1.12,clear sky
527,Basqal,AZ,40.76,48.39,69.8,64,90,2.24,overcast clouds
528,Silver City,US,32.77,-108.28,73.99,35,1,3.36,clear sky
529,Mae Ramat,TH,16.98,98.52,78.8,83,90,2.24,light rain
530,Shenjiamen,CN,29.96,122.3,83.68,80,0,13.4,clear sky
531,Gueret,FR,46.17,1.87,64.0,87,97,4.7,overcast clouds
532,Srandakan,ID,-7.94,110.25,85.64,57,22,16.62,few clouds
533,Anderson,US,34.53,-82.65,75.2,83,20,4.7,few clouds
534,Lewiston,US,44.1,-70.21,62.01,87,20,2.53,few clouds
535,Kruisfontein,ZA,-34.0,24.73,48.29,82,87,16.4,light rain
536,Clinton,US,42.59,-82.92,63.0,93,75,4.7,broken clouds
537,Zafra,ES,38.42,-6.42,64.99,70,0,1.99,clear sky
538,Baherden,TM,38.44,57.43,85.39,19,0,7.29,clear sky
539,Komsomolskiy,UZ,40.43,71.72,73.4,56,94,4.7,overcast clouds
540,Lagunas,PE,-5.23,-75.68,75.67,81,33,2.39,scattered clouds
541,Krasnoselkup,RU,65.7,82.47,73.26,39,46,17.05,scattered clouds
542,Russell,US,32.35,-85.2,78.8,69,1,11.41,clear sky
543,Mogok,MM,22.92,96.5,65.73,100,100,1.21,light rain
544,Saint-Michel-Des-Saints,CA,46.68,-73.92,55.99,8,0,3.18,clear sky
545,Wewak,PG,-3.55,143.63,83.39,73,33,10.16,light rain
546,Vestmanna,FO,62.16,-7.17,50.0,81,94,9.17,overcast clouds
547,Aripuana,BR,-9.17,-60.63,73.2,40,0,0.76,clear sky
548,Luderitz,NA,-26.65,15.16,53.71,42,0,11.32,clear sky
549,Bastrop,US,32.76,-91.87,75.2,94,1,6.02,clear sky
550,Praia,CV,14.92,-23.51,80.6,78,20,2.24,few clouds
551,Corinto,GR,37.94,22.96,77.0,64,0,1.01,clear sky
552,Sao Jose Da Coroa Grande,BR,-8.9,-35.15,72.9,80,45,9.93,scattered clouds
553,Lata,PT,40.16,-8.33,69.01,86,50,1.01,scattered clouds
554,Portland,US,45.52,-122.68,75.99,53,20,5.82,few clouds
555,Bom Jesus,BR,-9.07,-44.36,69.64,62,24,3.71,few clouds
556,Viransehir,TR,37.24,39.76,85.55,15,0,2.01,clear sky
557,Acapulco,MX,16.86,-99.89,80.44,82,98,9.8,overcast clouds
558,Saint-Joseph,RE,-21.37,55.62,71.6,56,42,2.24,scattered clouds
559,Viedma,AR,-40.81,-63.0,43.0,65,55,4.0,light rain
560,Sioux Lookout,CA,50.1,-91.92,60.8,87,75,3.36,broken clouds
561,Pangoa,PE,-12.12,-73.0,67.24,95,34,3.56,light rain
562,Kilindoni,TZ,-7.91,39.67,76.15,78,28,5.01,scattered clouds
563,Amazar,RU,53.86,120.88,69.62,30,4,5.95,clear sky
564,Olinda,BR,-8.01,-34.86,77.0,65,40,9.17,scattered clouds
565,Saint Anthony,US,45.02,-93.22,68.0,72,1,4.34,clear sky
566,Lanivtsi,UA,49.86,26.09,65.95,82,25,4.25,light rain
567,Martapura,ID,-3.42,114.85,89.6,52,40,3.36,scattered clouds
568,Khash,IR,28.22,61.22,88.92,12,10,13.24,clear sky
569,Vikhorevka,RU,56.12,101.16,69.8,49,28,8.95,scattered clouds
570,Muros,ES,42.78,-9.06,68.0,93,100,18.01,light rain
571,Hathras,IN,27.6,78.05,84.2,94,75,2.24,broken clouds
572,Arman,RU,59.7,150.17,52.16,89,100,9.89,light rain
573,Buin,CL,-33.73,-70.75,48.99,81,100,8.05,overcast clouds
574,Poronaysk,RU,49.22,143.12,74.21,60,28,6.4,scattered clouds
575,Pocone,BR,-16.26,-56.62,84.27,22,0,7.67,clear sky
576,Ban Nahin,LA,18.24,104.21,83.77,73,81,4.14,light rain
577,Fukue,JP,32.69,128.84,89.6,62,57,5.82,broken clouds
578,Kontagora,NG,10.4,5.47,70.93,97,18,3.62,few clouds
579,Nuuk,GL,64.18,-51.72,53.6,58,0,5.82,clear sky
580,Odweyne,SO,9.41,45.06,74.73,56,100,24.09,overcast clouds
581,Carutapera,BR,-1.2,-46.02,76.84,85,55,7.43,broken clouds
582,Kodinsk,RU,58.69,99.18,78.51,32,55,7.87,broken clouds
583,Takestan,IR,36.07,49.7,75.2,50,2,2.24,clear sky
584,Seoul,KR,37.57,126.98,89.6,58,75,3.36,broken clouds
585,Keti Bandar,PK,24.14,67.45,86.27,77,93,14.56,overcast clouds
586,Leshukonskoye,RU,64.9,45.76,48.25,69,97,10.8,overcast clouds
587,Veinticinco De Mayo,AR,-35.43,-60.17,37.99,72,50,1.01,scattered clouds
588,Ouro Preto Do Oeste,BR,-10.75,-62.22,78.39,37,0,3.76,clear sky
589,Muyuka,CM,4.29,9.41,77.0,100,75,1.12,broken clouds
590,Port Blair,IN,11.67,92.75,85.93,70,66,15.5,broken clouds
591,Kosh-Agach,RU,50.0,88.67,57.33,50,73,3.6,broken clouds
592,Salisbury,GB,51.07,-1.8,61.0,100,100,6.93,overcast clouds
593,Asenovgrad,BG,42.02,24.87,64.4,77,5,4.7,clear sky
594,Rosetta,EG,31.4,30.42,78.8,65,20,6.93,few clouds
595,Angoche,MZ,-16.23,39.91,71.38,78,1,6.76,clear sky
596,Igrim,RU,63.19,64.42,55.49,94,99,10.45,light rain
597,Harbour Breton,CA,47.48,-55.8,61.0,100,97,5.99,moderate rain
598,Gandajika,CD,-6.75,23.95,76.41,39,75,1.92,broken clouds
599,Oranjemund,NA,-28.55,16.43,49.66,62,16,10.02,few clouds
600,Forssa,FI,60.81,23.62,55.0,95,1,4.65,clear sky
601,Okha,RU,53.57,142.95,56.34,85,99,21.41,overcast clouds
602,Yerkoy,TR,39.64,34.47,67.3,45,0,2.84,clear sky
603,Manta,EC,-0.95,-80.73,71.6,88,90,11.41,overcast clouds
604,Jinchang,CN,38.5,102.17,80.28,22,0,12.28,clear sky
605,Bilma,NE,18.69,12.92,87.49,16,13,10.78,few clouds
606,Soyo,AO,-6.13,12.37,72.14,83,68,7.85,broken clouds
607,Jasidih,IN,24.52,86.65,87.3,68,31,12.03,light rain
608,Charters Towers,AU,-20.1,146.27,88.05,14,13,4.47,few clouds
609,Margherita,IN,27.28,95.68,89.6,70,20,3.36,few clouds
610,Bubaque,GW,11.28,-15.83,80.49,83,100,16.24,moderate rain
611,Kaihua,CN,23.37,104.28,71.19,82,100,1.7,light rain
612,Severo-Yeniseyskiy,RU,60.37,93.04,71.47,50,100,7.61,overcast clouds
613,Lebanon,US,36.21,-86.29,70.0,88,90,4.7,overcast clouds
614,Villa Carlos Paz,AR,-31.42,-64.5,51.01,34,31,6.93,scattered clouds
615,Kusu,JP,33.28,131.15,93.2,56,20,4.7,few clouds
616,Green River,US,41.53,-109.47,73.4,25,1,8.05,clear sky
617,Nyurba,RU,63.28,118.33,70.77,36,55,5.66,broken clouds
618,Trelew,AR,-43.25,-65.31,37.78,77,61,17.43,broken clouds
619,Am Timan,TD,11.03,20.28,71.38,96,100,6.6,light rain
620,Aborlan,PH,9.44,118.55,79.88,81,97,6.87,light rain
621,Havlickuv Brod,CZ,49.61,15.58,60.01,94,100,7.31,overcast clouds
622,Brindisi,IT,40.58,17.67,75.99,83,19,8.05,few clouds
623,Kaseda,JP,31.42,130.32,93.2,56,40,6.93,scattered clouds
624,Perisani,RO,45.38,24.4,60.8,100,20,1.12,light rain
625,Ahuimanu,US,21.44,-157.84,86.0,69,90,11.41,overcast clouds
626,Tevaitoa,PF,-16.78,-151.5,78.57,75,34,22.26,scattered clouds
627,Livingston,GB,55.9,-3.52,59.0,100,90,2.24,mist
628,Berbera,SO,10.44,45.01,91.94,40,100,29.35,overcast clouds
629,Grand Gaube,MU,-20.01,57.66,71.01,74,34,8.99,light rain
630,Tolaga Bay,NZ,-38.37,178.3,55.76,91,100,19.26,light rain
631,Jaynagar-Majilpur,IN,22.18,88.42,84.2,94,75,11.41,light rain
632,Nchelenge,ZM,-9.35,28.73,65.84,46,55,3.89,broken clouds
633,Tucurui,BR,-3.77,-49.67,77.34,70,8,2.57,clear sky
634,Inirida,CO,3.87,-67.92,73.92,92,99,2.57,overcast clouds
635,Magadan,RU,59.57,150.8,51.62,89,100,16.67,light rain
636,Tavricheskoye,RU,54.59,73.64,60.8,77,75,11.18,broken clouds
637,Eagle Pass,US,28.71,-100.5,73.4,100,1,3.36,clear sky
638,Xuchang,CN,34.02,113.82,78.8,74,90,11.18,overcast clouds
639,Karsun,RU,54.2,46.98,56.53,67,61,5.75,broken clouds
640,Havre-Saint-Pierre,CA,50.23,-63.6,60.8,93,90,4.7,overcast clouds
641,Milton,US,34.13,-84.3,73.99,93,30,2.51,scattered clouds
642,Nautla,MX,20.22,-96.78,77.63,86,100,4.61,overcast clouds
643,Auki,SB,-8.77,160.7,84.63,69,93,0.67,light rain
644,El Centro,US,32.79,-115.56,105.8,33,40,8.05,scattered clouds
645,Chernyshevskiy,RU,63.01,112.47,70.9,32,74,5.55,broken clouds
646,Olden,NO,61.84,6.81,59.0,93,40,2.24,scattered clouds
647,Dolinsk,RU,47.35,142.8,80.6,57,20,13.42,few clouds
648,Mutsu,JP,41.29,141.22,86.0,62,20,17.22,few clouds
649,Lazaro Cardenas,MX,17.96,-102.2,78.21,80,95,3.42,overcast clouds
650,Adrar,MR,20.5,-10.07,94.46,14,68,15.95,broken clouds
651,Derzhavinsk,KZ,51.1,66.32,61.43,55,31,19.26,light rain
652,Khuzhir,RU,53.19,107.34,58.08,68,68,11.48,broken clouds
653,Medak,IN,18.03,78.27,73.99,100,90,6.93,light intensity drizzle
654,Sayyan,YE,15.17,44.32,69.8,39,61,2.1,broken clouds
655,Primorsk,UA,46.73,36.34,75.85,49,0,8.14,clear sky
656,Mersing,MY,2.43,103.84,87.8,74,40,4.7,scattered clouds
657,Santa Maria,BR,-29.68,-53.81,62.6,100,75,6.93,thunderstorm
658,Kawalu,ID,-7.38,108.21,81.57,62,99,5.19,overcast clouds
659,Sakaiminato,JP,35.55,133.23,91.4,66,20,6.93,few clouds
660,Brazzaville,CG,-4.27,15.28,75.2,83,21,4.7,few clouds
661,Henderson,US,36.04,-114.98,102.2,16,1,8.05,clear sky
662,Yanam,IN,16.73,82.22,82.4,83,75,17.22,light rain
663,Chagoda,RU,59.16,35.33,55.51,61,0,3.09,clear sky
664,Vengerovo,RU,55.68,76.75,61.03,66,99,10.13,overcast clouds
665,Flin Flon,CA,54.77,-101.86,61.92,87,0,6.33,clear sky
666,Bambanglipuro,ID,-7.95,110.28,85.64,57,25,16.8,scattered clouds
667,Doctor Arroyo,MX,23.67,-100.18,65.03,69,97,2.75,overcast clouds
668,Zhaotong,CN,27.32,103.72,62.83,74,99,2.86,overcast clouds
669,Lavumisa,SZ,-27.31,31.89,49.96,54,0,3.29,clear sky
670,Rio Tercero,AR,-32.17,-64.11,45.45,55,63,10.83,broken clouds
671,Aranos,NA,-24.13,19.12,29.93,83,0,9.57,clear sky
672,Ambilobe,MG,-13.2,49.05,76.21,44,73,6.26,broken clouds
673,Ibra,OM,22.69,58.53,92.8,44,53,4.34,broken clouds
